{"accuracy/top1": 90.63444519042969, "accuracy/top5": 99.32024383544922, "data_time": 0.004527188482738677, "time": 0.06560455049787249}