{"lr": 0.009998886215193948, "data_time": 0.008463819821675619, "loss": 0.14634178082148233, "decode.loss_ce": 0.10349936659137408, "decode.acc_seg": 37.371826171875, "aux.loss_ce": 0.04284241236746311, "aux.acc_seg": 34.356689453125, "time": 0.6993723313013712, "iter": 6, "memory": 11478, "step": 6}
{"lr": 0.00997794446709763, "data_time": 0.0036997079849243166, "loss": 0.07350704222917556, "decode.loss_ce": 0.0508082577958703, "decode.acc_seg": 70.21484375, "aux.loss_ce": 0.022698783501982688, "aux.acc_seg": 84.271240234375, "time": 0.13621292114257813, "iter": 100, "memory": 3614, "step": 100}
{"lr": 0.009955660594668054, "data_time": 0.0031548500061035155, "loss": 0.0702392615377903, "decode.loss_ce": 0.047844312712550165, "decode.acc_seg": 79.4464111328125, "aux.loss_ce": 0.022394947707653046, "aux.acc_seg": 69.4000244140625, "time": 0.13585267066955567, "iter": 200, "memory": 3614, "step": 200}
{"lr": 0.009933371122565919, "data_time": 0.003220796585083008, "loss": 0.05649282597005367, "decode.loss_ce": 0.03953781221061945, "decode.acc_seg": 75.57373046875, "aux.loss_ce": 0.016955013573169708, "aux.acc_seg": 79.833984375, "time": 0.1364427089691162, "iter": 300, "memory": 3614, "step": 300}
{"lr": 0.009911076035273796, "data_time": 0.003396892547607422, "loss": 0.06858836375176906, "decode.loss_ce": 0.04896756447851658, "decode.acc_seg": 81.7413330078125, "aux.loss_ce": 0.01962080067023635, "aux.acc_seg": 80.0994873046875, "time": 0.1367551326751709, "iter": 400, "memory": 3614, "step": 400}
