{"lr": 2.5863685344827587e-05, "data_time": 0.15302462577819825, "loss": 2.7672499656677245, "loss_cls": 2.0905831098556518, "loss_bbox": 0.6766669034957886, "time": 0.560243034362793, "epoch": 1, "memory": 1516, "step": 5}
{"lr": 6.465640086206897e-05, "data_time": 0.13624540242281827, "loss": 2.747483665292913, "loss_cls": 2.064146702939814, "loss_bbox": 0.6833369894461199, "time": 0.39349319718100806, "epoch": 2, "memory": 1519, "step": 11}
{"lr": 0.00010344911637931034, "data_time": 0.12735638898961685, "loss": 2.800017847734339, "loss_cls": 2.150870260070352, "loss_bbox": 0.649147613960154, "time": 0.3332584885989918, "epoch": 3, "memory": 1518, "step": 17}
{"lr": 0.00014224183189655168, "data_time": 0.12489095978114916, "loss": 2.8406623342762822, "loss_cls": 2.212900405344756, "loss_bbox": 0.6277619354102922, "time": 0.30579178229622217, "epoch": 4, "memory": 1513, "step": 23}
{"lr": 0.000181034547413793, "data_time": 0.12827902004636568, "loss": 2.8306100861779573, "loss_cls": 2.2054473654977205, "loss_bbox": 0.6251627237632357, "time": 0.29560843829450933, "epoch": 5, "memory": 1525, "step": 29}
{"lr": 0.0001874999999999999, "data_time": 0.12366040093558175, "loss": 2.8229992798396517, "loss_cls": 2.203562113216945, "loss_bbox": 0.6194371742861612, "time": 0.281920337677002, "epoch": 6, "memory": 1521, "step": 35}
{"lr": 0.0001874999999999999, "data_time": 0.12155210099569182, "loss": 2.829513299755934, "loss_cls": 2.232044583413659, "loss_bbox": 0.5974687207035903, "time": 0.27294122300496915, "epoch": 7, "memory": 1512, "step": 41}
{"lr": 0.0001874999999999999, "data_time": 0.12159886258713742, "loss": 2.81800480599099, "loss_cls": 2.2366629179487836, "loss_bbox": 0.5813418893103904, "time": 0.2679870432995735, "epoch": 8, "memory": 1514, "step": 47}
{"lr": 0.0001874999999999999, "data_time": 0.11297335147857666, "loss": 2.7779411935806273, "loss_cls": 2.2195443630218508, "loss_bbox": 0.5583968216180801, "time": 0.22740326404571534, "epoch": 9, "memory": 1514, "step": 53}
{"lr": 0.0001874999999999999, "data_time": 0.11213283061981201, "loss": 2.706929912567139, "loss_cls": 2.1756673145294187, "loss_bbox": 0.5312625837326049, "time": 0.2241373825073242, "epoch": 10, "memory": 1516, "step": 59}
{"coco/bbox_mAP": 0.493, "coco/bbox_mAP_50": 0.619, "coco/bbox_mAP_75": 0.586, "coco/bbox_mAP_s": 0.0, "coco/bbox_mAP_m": 0.225, "coco/bbox_mAP_l": 0.636, "data_time": 0.008473671399630033, "time": 0.021239500779371995, "step": 10}
{"lr": 0.0001874999999999999, "data_time": 0.11777449131011963, "loss": 2.5598439669609068, "loss_cls": 2.055139892101288, "loss_bbox": 0.5047040605545043, "time": 0.22984574794769286, "epoch": 11, "memory": 1517, "step": 65}
{"lr": 0.0001874999999999999, "data_time": 0.11748769283294677, "loss": 2.373755166530609, "loss_cls": 1.8953719234466553, "loss_bbox": 0.4783832341432571, "time": 0.2295609712600708, "epoch": 12, "memory": 1520, "step": 71}
{"lr": 0.0001874999999999999, "data_time": 0.11692356586456298, "loss": 2.167463058233261, "loss_cls": 1.7254185307025909, "loss_bbox": 0.44204452633857727, "time": 0.22855329513549805, "epoch": 13, "memory": 1514, "step": 77}
{"lr": 0.0001874999999999999, "data_time": 0.11685566425323486, "loss": 1.9538524568080902, "loss_cls": 1.549831999540329, "loss_bbox": 0.40402044892311095, "time": 0.227892746925354, "epoch": 14, "memory": 1514, "step": 83}
{"lr": 0.0001874999999999999, "data_time": 0.12043687343597412, "loss": 1.7373388993740082, "loss_cls": 1.3540209019184113, "loss_bbox": 0.38331798791885374, "time": 0.23117430210113527, "epoch": 15, "memory": 1521, "step": 89}
{"lr": 0.0001874999999999999, "data_time": 0.12033366680145263, "loss": 1.5077040660381318, "loss_cls": 1.1503637290000917, "loss_bbox": 0.3573403337597847, "time": 0.2303885316848755, "epoch": 16, "memory": 1511, "step": 95}
{"lr": 0.0001874999999999999, "data_time": 0.12143842220306396, "loss": 1.4216117572784424, "loss_cls": 1.0754382252693175, "loss_bbox": 0.3461735311150551, "time": 0.23168976306915284, "epoch": 17, "memory": 1513, "step": 101}
{"lr": 0.0001874999999999999, "data_time": 0.12079603672027588, "loss": 1.2536889803409577, "loss_cls": 0.930586758852005, "loss_bbox": 0.3231022265553474, "time": 0.23156857013702392, "epoch": 18, "memory": 1525, "step": 107}
{"lr": 0.0001874999999999999, "data_time": 0.1179691219329834, "loss": 1.1209306180477143, "loss_cls": 0.8164173662662506, "loss_bbox": 0.3045132550597191, "time": 0.2286440372467041, "epoch": 19, "memory": 1517, "step": 113}
{"lr": 0.0001874999999999999, "data_time": 0.11823222160339356, "loss": 1.0623802030086518, "loss_cls": 0.7667421770095825, "loss_bbox": 0.2956380271911621, "time": 0.22861608982086182, "epoch": 20, "memory": 1512, "step": 119}
{"coco/bbox_mAP": 0.692, "coco/bbox_mAP_50": 0.821, "coco/bbox_mAP_75": 0.771, "coco/bbox_mAP_s": 0.0, "coco/bbox_mAP_m": 0.384, "coco/bbox_mAP_l": 0.821, "data_time": 0.00632929801940918, "time": 0.01917118292588454, "step": 20}
{"lr": 0.00018701210630623673, "data_time": 0.11868614673614503, "loss": 1.016449533700943, "loss_cls": 0.7287134802341462, "loss_bbox": 0.2877360510826111, "time": 0.22923542976379394, "epoch": 21, "memory": 1514, "step": 125}
{"lr": 0.00018446526890387004, "data_time": 0.12029828548431397, "loss": 0.9831438112258911, "loss_cls": 0.6971462404727936, "loss_bbox": 0.28599757194519043, "time": 0.2306087064743042, "epoch": 22, "memory": 1515, "step": 131}
{"lr": 0.00017980014232129403, "data_time": 0.12125229835510254, "loss": 0.9612081754207611, "loss_cls": 0.6764308089017868, "loss_bbox": 0.2847773665189743, "time": 0.23187448501586913, "epoch": 23, "memory": 1520, "step": 137}
{"lr": 0.00017313159745763925, "data_time": 0.1223296070098877, "loss": 0.9620502018928527, "loss_cls": 0.677110458612442, "loss_bbox": 0.28493974268436434, "time": 0.2329094123840332, "epoch": 24, "memory": 1514, "step": 143}
{"lr": 0.00016462383601908038, "data_time": 0.1215565824508667, "loss": 0.8348031771183014, "loss_cls": 0.5596030950546265, "loss_bbox": 0.27520008355379105, "time": 0.23200237274169921, "epoch": 25, "memory": 1515, "step": 149}
{"lr": 0.0001544863473278761, "data_time": 0.1227263069152832, "loss": 0.8173896706104279, "loss_cls": 0.5479973548650742, "loss_bbox": 0.2693923184275627, "time": 0.2330029058456421, "epoch": 26, "memory": 1531, "step": 155}
{"lr": 0.00014296874999999998, "data_time": 0.12442719459533691, "loss": 0.8165082180500031, "loss_cls": 0.5484013092517853, "loss_bbox": 0.2681069126725197, "time": 0.2348982286453247, "epoch": 27, "memory": 1540, "step": 161}
{"lr": 0.0001303546455063783, "data_time": 0.1218340015411377, "loss": 0.7981865310668945, "loss_cls": 0.5310552281141281, "loss_bbox": 0.267131307721138, "time": 0.23220359325408935, "epoch": 28, "memory": 1515, "step": 167}
{"lr": 0.00011695463496345667, "data_time": 0.12570451259613036, "loss": 0.7944571608304978, "loss_cls": 0.5273232865333557, "loss_bbox": 0.2671338784694672, "time": 0.2359158515930176, "epoch": 29, "memory": 1519, "step": 173}
{"lr": 0.00010309867110288716, "data_time": 0.1243000602722168, "loss": 0.7648292112350464, "loss_cls": 0.5051806932687759, "loss_bbox": 0.2596485224366188, "time": 0.23451822757720947, "epoch": 30, "memory": 1516, "step": 179}
{"coco/bbox_mAP": 0.732, "coco/bbox_mAP_50": 0.845, "coco/bbox_mAP_75": 0.824, "coco/bbox_mAP_s": 0.0, "coco/bbox_mAP_m": 0.355, "coco/bbox_mAP_l": 0.871, "data_time": 0.0055996454679048974, "time": 0.01857747175754645, "step": 30}
{"lr": 8.912793374022463e-05, "data_time": 0.12397891998291016, "loss": 0.7471999794244766, "loss_cls": 0.4918460386991501, "loss_bbox": 0.2553539431095123, "time": 0.2351647663116455, "epoch": 31, "memory": 1521, "step": 185}
{"lr": 7.538642879555673e-05, "data_time": 0.1269713258743286, "loss": 0.719713574051857, "loss_cls": 0.4673467755317688, "loss_bbox": 0.2523668015003204, "time": 0.23840138912200928, "epoch": 32, "memory": 1517, "step": 191}
{"lr": 6.221251772606156e-05, "data_time": 0.12606648445129395,